"","id","doubs_dem","carea","cslope","dfs","alt","slo","flo","pH","har","pho","nit","amm","oxy","bdo","fish_abund","q_class","dist_Q1","dist_Q2","dist_Q3","dist_Q4","dist_Q5","dist_Q6","dist_Q7","dist_Q8","dist_Q9","dist_Q10","dist_Q11","dist_Q12","dist_Q13","dist_Q14","dist_Q15","dist_Q16"
"1",1,964.832763671875,9962.357421875,0.0985278487205505,3,934,6.176,84,79,45,1,20,0,122,27,3,"[3,9.25]",634.744833675233,2457.51114341765,5888.91468465292,8076.90001995638,12590.2602055172,57418.5535825135,66240.6131436176,81725.0719115908,90370.1183259891,80737.417188467,64025.1965694729,76825.6113373191,60715.4753274097,58845.8412402814,87935.1971012242,55025.4107120339
"2",2,947.797180175781,5278.6337890625,0.0938258096575737,22,932,3.434,100,80,40,2,20,10,103,19,12,"(11.5,14]",3459.33567642026,400.775155664373,3233.4571374996,5399.85995835441,9876.22675200155,54602.8853637659,63419.0791331062,78910.9492007751,87545.379620515,77983.2688020618,62087.4296127679,74115.4575463965,59142.6800451709,57572.7597758705,85346.0799637079,54664.3160917023
"3",3,901.216735839844,52353.3203125,0.126808032393456,102,914,3.638,180,83,52,5,22,5,105,35,16,"(15,16]",6427.53115897302,3447.00490050178,88.3497004962687,4134.65572078826,7964.82389970722,51952.7251314007,60720.1061919392,76260.7586957143,84808.4461594502,75586.6758473846,61305.4458712715,71854.7129654859,58891.3151349304,57718.1888723822,83378.3311584899,55860.3908744498
"4",4,850.921203613281,51395.40234375,0.107406854629517,185,854,3.497,253,80,72,10,21,0,110,13,21,"(18.5,21]",8690.86334263925,5785.57531105085,4171.11172959461,14.70891560749,4530.33295232225,49497.068948676,58357.3007321787,73787.7292630038,82513.2676839417,72682.5366936094,57230.7687359728,68764.9187276265,54769.4796449684,53645.0277332182,79961.6551828022,52260.5637946758
"5",5,847,3473.38232421875,0.00621386244893074,215,849,3.178,264,81,84,38,52,20,80,62,34,"(33.8,41]",13156.5652036809,10249.6248167723,8079.94026546898,4457.4387361197,434.003223836803,45186.4057248541,54074.2523942653,69453.1488756503,78241.6021910248,68234.4853031813,53468.7751211614,64295.6572753838,51537.2161832085,50877.2683458347,75513.308415281,50375.1943537028
"6",6,842.390319824219,305535.5625,0.161931529641151,324,846,3.497,286,79,60,20,15,0,102,53,21,"(18.5,21]",17625.5300708088,14718.5847176062,4502.56118942257,510.467624963317,4455.64820623269,40910.4227569489,49824.4417455076,65137.1690181278,73993.6300160718,63789.8019197602,49824.280584914,59826.8254324943,48502.3030715958,48365.3167897245,71067.9477406612,48624.0121327872
"7",7,840.7763671875,21782.138671875,0.214877858757973,268,841,4.205,400,81,88,7,15,0,111,22,16,"(15,16]",21643.5062186357,16173.1105785601,379.456789232455,3787.31490363634,8562.95867866302,37414.63667261,46357.1953603952,61535.0843934813,70502.3796095823,59908.846731768,46099.4506465517,55850.6830455643,45261.1187616701,45568.3594393216,66969.3130657681,46495.9350017147
"8",9,839.404907226562,54437.83984375,0.0963432043790817,705,752,2.565,480,80,90,30,82,12,72,52,14,"(11.5,14]",38216.2245894119,519.301457505931,16284.675354074,20155.979577947,25010.7131507608,21763.5749815478,30633.9135062976,45334.809013829,54531.9022935122,43275.5575959578,36335.631924499,39235.7683589247,39211.1727353023,42211.6481607792,50828.9431820275,46521.0281865503
"9",10,922.867797851562,21303.662109375,0.113728441298008,990,617,4.605,1000,77,82,6,75,1,100,43,14,"(11.5,14]",42325.5524762015,266.630872751377,28005.7432958875,27534.7950236256,35978.4609392588,9095.53443943865,18038.5192183301,33329.9677123321,42187.4559260834,33026.6919088788,38185.8178190298,30193.3094298503,32934.3420325232,36983.2178826326,43807.2130769386,56471.5846504835
"10",11,817.567443847656,39626.734375,0.230929359793663,1234,483,3.738,1990,81,96,30,160,0,115,27,11,"(9.25,11.5]",35604.9624802542,9444.74923835183,37224.0038296129,18360.7953755454,41613.1576539828,377.108725420825,8820.7787501334,24251.4617596369,32982.8406801794,25111.8332946474,29492.0907363082,23402.6311711728,26386.7562152273,30184.1169254206,38017.0106295352,62387.6520891625
"11",12,913.238830566406,15884.4755859375,0.0784394592046738,1324,477,2.833,2000,79,86,4,50,0,122,30,18,"(16,18.5]",30232.008104407,18663.7478639311,46442.7740844464,9277.53613047259,32437.5316047926,9357.11896058623,473.39193861639,15342.1004837395,23789.790271311,18451.1778592132,21246.4149796886,18807.7206790511,21859.8015088987,24988.0656350317,33786.3030952497,69031.8650585368
"12",13,725.917663574219,66961.0234375,0.192880615592003,1436,450,3.091,2110,81,98,6,52,0,124,24,19,"(18.5,21]",24313.9228964839,27794.8847679725,55543.9177793202,588.382915493146,23249.0570503046,18518.0347638423,9749.88221751817,5915.81951170971,14708.9354511096,12087.0347786653,12326.3633565619,15350.3450249465,17895.1291790344,19742.1384445714,28956.1552205492,74389.0047440757
"13",14,531.754028320312,195658.03125,0.224598065018654,1522,434,2.565,2120,83,98,27,123,0,123,38,28,"(21,28]",21823.020753735,33503.7633928889,61195.561740497,6040.55839452113,17737.9154759584,24270.5878916501,15575.3269863792,288.23923107784,9506.80571827735,10577.1324534867,7400.0721667684,15761.1495209227,17553.3003534793,18162.8917819934,27102.2067620842,78006.7011923988
"14",15,812.002319335938,39882.66796875,0.19903601706028,1645,415,1.792,2300,86,86,40,100,0,117,21,33,"(28,33.8]",26373.729805167,42667.8616625709,70450.7689540845,14970.7236823658,8448.99885603171,33354.5563429878,24425.2048454499,9947.83937146289,391.634588441213,5400.92422880779,11022.0438642531,24137.2227439634,25157.7754157001,24396.4557041961,32156.2952209687,87561.8542408131
"15",16,438.075103759766,98587.71875,0.268830567598343,1859,375,3.045,1610,80,88,20,200,5,103,27,40,"(33.8,41]",28722.0614370205,51124.3019267075,78887.5346578543,23377.465270511,333.783785089078,41824.0965051199,32928.4376742676,17832.4477941828,8809.9464900666,8197.21944405969,15984.136354649,29871.6044695723,30150.2743659934,28317.63475405,34459.4324459471,93966.8762435754
"16",17,597.60107421875,16291.5048828125,0.33317244052887,1985,348,1.792,2430,80,92,20,250,20,102,46,44,"(43.2,46]",21554.3422072283,44241.642596435,71848.266967329,16819.1095287341,8322.51534511419,35053.0422381412,26391.4247111624,10755.2413967613,5612.09579750935,435.779138061724,7738.39886370499,21628.2180136047,21991.4623747878,20433.3216554963,27370.6320288271,85720.814967336
"17",18,574.399780273438,13483.7314453125,0.525481700897217,2110,332,2.197,2500,80,90,50,220,20,103,28,42,"(41,43.2]",15499.1136127402,37907.1448643686,65093.0396280814,12460.2972759544,16565.539886286,29054.7154835191,21088.6839063461,7025.25733855789,11017.0813432146,7305.07767497234,522.512146814591,13388.311144482,13935.9172794165,13005.8767366973,21138.8389184015,77474.7856166965
"18",19,481.051300048828,27721.767578125,0.373707234859467,2246,310,1.792,2590,81,84,60,220,15,106,33,46,"(43.2,46]",12696.4142543027,32834.5650315894,59286.1876177701,12241.9749218357,23838.5405117257,24643.3823599276,18080.1973534862,10021.3940736549,17636.2486170962,436.68985272002,7793.19996243733,6162.92768816225,7325.10446097129,8149.79731434834,17340.9133495116,70197.4616917435
"19",20,492.969879150391,144049.109375,0.237814754247665,2477,286,2.197,2680,80,86,30,300,30,103,28,56,"(46,60.5]",12622.5293673737,29931.0262615006,55205.8097335103,15575.4124692564,29907.1953692629,19844.8445506777,18279.3563345274,15279.9770972447,23609.6601535992,6037.14134442698,13848.7391901591,423.939921468969,3496.54945137579,7208.8107651922,15435.066528611,64138.2249829575
"20",21,504.123413085938,5089.95458984375,0.175755992531776,2812,262,2.398,2720,79,85,20,220,10,90,41,62,"(60.5,66.5]",9767.94348847011,32642.838648892,57338.0616541425,18276.5889426837,30373.2182097319,17755.679151463,21439.0623253025,17199.5112130132,24788.0207968473,7048.79900279518,14466.6026615429,2738.33779378845,376.701077190216,4502.71462872498,12273.6296745277,64012.0717634329
"21",22,371.143676757812,64121.15625,0.282111495733261,2940,254,2.708,2790,81,88,20,162,7,91,48,72,"(66.5,75.8]",5597.96459604836,36971.621739814,61808.9163216497,20001.3817728498,28148.5693597187,18858.7903507762,24699.8707818679,17519.5343807837,23659.1408246726,7408.06396800092,13019.6682849755,6694.47464177964,4111.35876691763,362.845337462892,9541.24906054956,67202.5273420798
"22",23,405.789611816406,9569.423828125,0.186210304498672,3043,246,2.565,2880,81,97,260,350,115,63,164,4,"[3,9.25]",439.621462045209,42840.8059199359,67170.8396071109,25167.3695534555,28843.3382260361,19225.5927497799,30576.9844990137,21735.1146153016,26064.8466949553,12565.1067842803,15831.7176122173,12648.6762715473,9821.37190001126,5832.23550800967,5844.0012455502,69512.3039754225
"23",24,440.50537109375,31417.607421875,0.0641081556677818,3147,241,1.386,2976,80,99,140,250,60,52,123,15,"(14,15]",6304.80843871416,44094.3221177222,66689.8857244566,29996.5768471881,35141.1522670913,14179.1850854071,34082.656805515,27298.4455503156,32288.7854347429,17396.5380021047,21892.0682943985,15387.4484283909,12320.9612548744,9669.7665196873,494.784768004053,65060.5797805129
"24",25,338.955230712891,267160.84375,0.196896061301231,3278,231,1.792,3870,79,100,422,620,180,41,167,11,"(9.25,11.5]",19168.4194599561,39522.2345701883,57491.9881367558,35545.1611224808,47203.0264313499,283.189161184841,35799.3797686411,35207.7836234048,42565.1852076482,25044.3846372934,23249.3798593067,19827.2516639462,17973.4280633184,18771.7034486076,14597.161416861,50787.3820705852
"25",26,556.899475097656,6043.0400390625,0.160680189728737,3579,214,1.792,3910,79,94,143,300,30,62,89,43,"(41,43.2]",41843.1002547868,36372.3394455428,45758.1876645129,49652.2976533042,53672.8733039391,23438.6991288629,46702.7378913433,52808.3731628556,61684.1793076073,44090.3739640362,77.9293227881228,38018.6669485829,10531.4113846282,17965.7065584802,37837.6565243574,27471.0402702384
"26",27,389.753631591797,84267.7734375,0.152778699994087,3732,206,2.565,3960,81,90,58,300,26,72,63,63,"(60.5,66.5]",52613.4212209416,39496.285780016,45327.4726456474,48787.6911019841,52149.4873666496,34127.3396012369,55454.5782484689,62884.4398437733,71954.0355524888,54522.1531038955,10847.4964961512,48435.1071790476,419.058727987992,7250.6426049628,48559.5797806719,16839.4843281489
"27",28,239.362442016602,64378.34375,0.155256122350693,3947,195,1.386,4320,83,100,74,400,30,81,45,70,"(66.5,75.8]",58890.6446840118,41670.9568857215,44973.5409345456,48037.3202412947,50863.8640243392,41305.3475748374,60835.9876896332,69179.1989991757,78389.740242192,61142.6226808808,17964.5406965468,55059.705270432,7390.11006569164,347.425224298969,55722.6016348981,9628.40314041613
"28",29,261.986663818359,2720.662109375,0.0118892341852188,4220,183,1.946,6770,78,110,45,162,10,90,42,87,"(75.8,89]",57077.5929943215,46321.3870852909,46505.4829850405,48951.0842891232,50980.297284508,50726.551809444,68540.56103202,77766.9597973811,87097.7680138016,70067.7018426428,27370.0766499488,64003.5287697311,16823.0416684206,9398.87503405005,65131.7809342024,316.343672201312
"29",30,274.573944091797,10489.642578125,0.0535352043807507,4530,172,1.099,6900,82,109,65,160,10,82,44,89,"(75.8,89]",54583.6721365598,50829.437608502,47908.1609402346,49618.1723639617,50738.5701549294,60316.7997518059,75764.4099628138,85976.0036247517,95430.5924204715,78749.4378757351,36965.3915880978,72733.8228070113,26548.2188772594,19211.3279769458,74661.9596707003,641.621718550834
